{
  "alias" : "get-ticket",
  "name" : "get-ticket",
  "annotation" : "",
  "keywords" : [ ],
  "description" : "",
  "inputs" : {
    "name" : {
      "title" : "Ф.И.О.",
      "description" : "Ф.И.О. , например Иванов И.И.",
      "type" : "string",
      "format" : "",
      "viewType" : "input",
      "required" : false
    }
  },
  "outputs" : {
    "quest" : {
      "title" : "",
      "description" : "",
      "type" : "string",
      "format" : "",
      "required" : false
    }
  },
  "type" : "application",
  "config" : {
    "command" : "bash -c \"~/bin/get-ticket name.txt  ~/data\"",
    "inputMappings" : [ {
      "param" : "name",
      "file" : "name.txt",
      "pattern" : ""
    } ],
    "outputMappings" : [ {
      "param" : "quest",
      "file" : "stdout",
      "pattern" : ""
    } ],
    "resourceRequirements" : {
      "nodes" : {
        "defaultValue" : 1,
        "allowOverride" : false
      },
      "coresPerNode" : {
        "defaultValue" : 1,
        "allowOverride" : false
      },
      "memoryPerCore" : {
        "defaultValue" : 1,
        "allowOverride" : false
      },
      "timeLimit" : {
        "defaultValue" : 1,
        "allowOverride" : false
      }
    }
  },
  "retryFailedTasks" : false,
  "files" : [ ],
  "version" : "1.0.0"
}